id,URL,Created Date,Likes,Comments,Shares,Description,Link,Group Name,
1218486471522469_2849540005083766,https://www.facebook.com/groups/UTLongmemes/permalink/2849540005083766/,4/12/2020 10:13:34 AM,162,16,0,,https://www.gif-vif.com/gifs/No-handshakes/?fbrefresh=23,UT LONGmemes For HORNSy Quaranteens,
1218486471522469_2831950606842706,https://www.facebook.com/groups/UTLongmemes/permalink/2831950606842706/,4/4/2020 4:20:34 PM,163,25,0,People still dancing in front of J2 after the apocalypse:,https://media1.tenor.co/images/44105a3f563f66c372c90afce451c6e8/tenor.gif?itemid=16384433,UT LONGmemes For HORNSy Quaranteens,
1218486471522469_2812475018790265,https://www.facebook.com/groups/UTLongmemes/permalink/2812475018790265/,3/26/2020 10:21:50 PM,168,40,0,College students: oh thank goodness  we're all getting $1 200!  The U.S. government: actually  everyone but you college students...,https://media2.giphy.com/media/v1.Y2lkPTEyMGMwMTQ3NzNlZWEyOWE5MTlmZWNmYjU1MTNkZjgwOTNjMTMzMWE4MWQ1ZTMzMA/joNVQCtuecqHK/giphy.gif,UT LONGmemes For HORNSy Quaranteens,
1218486471522469_2623027104401725,https://www.facebook.com/groups/UTLongmemes/permalink/2623027104401725/,12/31/2019 2:01:21 PM,166,22,0,The squirrels at UT,https://giphy.com/gifs/squirrel-wheat-11wosa9VbhqRva,UT LONGmemes For HORNSy Quaranteens,
1218486471522469_2618666231504479,https://www.facebook.com/groups/UTLongmemes/permalink/2618666231504479/,12/28/2019 5:02:46 PM,249,6,0,watching oklahoma get btfo in the playoffs yet again,https://media1.tenor.co/images/ad09957657ae952e90cb05468d9aa0d0/tenor.gif?itemid=4217748,UT LONGmemes For HORNSy Quaranteens,
1218486471522469_2523185854385851,https://www.facebook.com/groups/UTLongmemes/permalink/2523185854385851/,11/14/2019 6:22:51 PM,48,3,0,"r u in the gdc rn?" Funny how most people can understand this sentence perfectly.,https://media1.tenor.co/images/1b4864d67d1dbcc59fd8c5a99c003819/tenor.gif?itemid=5865940,UT LONGmemes For HORNSy Quaranteens,
1218486471522469_2479292265441877,https://www.facebook.com/groups/UTLongmemes/permalink/2479292265441877/,10/24/2019 12:29:56 PM,279,103,0,üò¨,https://media1.tenor.co/images/d2fac6e4133fb4c82ae9b1f880ed5fd7/tenor.gif?itemid=13007194,UT LONGmemes For HORNSy Quaranteens,
1218486471522469_2443854898985614,https://www.facebook.com/groups/UTLongmemes/permalink/2443854898985614/,10/7/2019 3:03:15 PM,312,9,0,When you hear 11 other schools think UT is their rival....,https://media1.tenor.co/images/87123e40edf4356fec5d5624c977cf35/tenor.gif?itemid=12444006,UT LONGmemes For HORNSy Quaranteens,
1218486471522469_2414091578628613,https://www.facebook.com/groups/UTLongmemes/permalink/2414091578628613/,9/21/2019 7:11:11 PM,80,15,0,Me after walking over to DKR and seeing the line to get in:,https://media1.tenor.co/images/129823b09df234d7a277df682504d5b5/tenor.gif?itemid=7694184,UT LONGmemes For HORNSy Quaranteens,
1218486471522469_2416111161759988,https://www.facebook.com/groups/UTLongmemes/permalink/2416111161759988/,9/22/2019 8:39:01 PM,131,63,0,How I feel in Shabbir's lectures when I look down for a second and she's drawn 5 different molecules.....,https://giphy.com/gifs/gifvif-every-damn-time-UWz1jb1361tYHYVp5V,UT LONGmemes For HORNSy Quaranteens,
1218486471522469_2388550681182703,https://www.facebook.com/groups/UTLongmemes/permalink/2388550681182703/,9/7/2019 6:16:58 PM,39,2,0,TFW you see the Aggies trending on Twitter but it's only because they're getting their asses beat by Clemson,https://media0.giphy.com/media/3o6MbdkU6WrGXf2aKQ/v1.Y2lkPTEyMGMwMTQ3NjM5NTA1MmIyMWE4ZGUyMzU0YWM1MTU5OTgxNDFjNDVmZmY3Mjc3Mg/giphy.gif,UT LONGmemes For HORNSy Quaranteens,
1218486471522469_2370841342953637,https://www.facebook.com/groups/UTLongmemes/permalink/2370841342953637/,8/28/2019 3:11:19 PM,40,2,0,What walking to class in August feels like,https://media1.tenor.co/images/5c395fe26eab32ce9ada6844d9c8bbf5/tenor.gif?itemid=4372615,UT LONGmemes For HORNSy Quaranteens,
1218486471522469_2370810612956710,https://www.facebook.com/groups/UTLongmemes/permalink/2370810612956710/,8/28/2019 2:31:05 PM,39,0,0,upperclassmen going down speedway to avoid tablers,https://media1.tenor.co/images/4b37984dc8d2a1bf900bc92a5ad63779/tenor.gif?itemid=7270189,UT LONGmemes For HORNSy Quaranteens,
1218486471522469_2320754077962364,https://www.facebook.com/groups/UTLongmemes/permalink/2320754077962364/,7/30/2019 3:41:58 PM,345,11,0,UT crawling into my inbox this morning like,https://media0.giphy.com/media/gnLOUM0S93JU4/v1.Y2lkPTEyMGMwMTQ3NWQ0MGEwMDY0MjQ1NTA1OTZmM2U2NTA3/giphy.gif,UT LONGmemes For HORNSy Quaranteens,
1218486471522469_2312087308829041,https://www.facebook.com/groups/UTLongmemes/permalink/2312087308829041/,7/25/2019 12:47:22 PM,101,16,0,Austin,https://media1.tenor.co/images/79b4413fb0fcd56db5ec4693366fd158/tenor.gif?itemid=14540687,UT LONGmemes For HORNSy Quaranteens,
1218486471522469_2197888946915545,https://www.facebook.com/groups/UTLongmemes/permalink/2197888946915545/,5/19/2019 5:11:14 PM,107,41,0,When you see students moving Out from their dorms the past few days but you have finals until Tuesday.,https://media.giphy.com/media/DEXmmkiWXHuRq/giphy.gif,UT LONGmemes For HORNSy Quaranteens,
1218486471522469_2190615337642906,https://www.facebook.com/groups/UTLongmemes/permalink/2190615337642906/,5/15/2019 11:08:15 AM,35,2,0,When your final is at 9 am but you wake up at 10:30 instead  (Good luck on finals  Longhorns! Hook ‚Äòem ü§ü),https://media1.tenor.co/images/14e1351cd46cdb6384105480c394ff9f/tenor.gif?itemid=5340115,UT LONGmemes For HORNSy Quaranteens,
1218486471522469_2068007866570321,https://www.facebook.com/groups/UTLongmemes/permalink/2068007866570321/,2/21/2019 12:00:18 PM,21,2,0,Visual representation of Dicker the kicker's 3 points launching us to victory last year,https://media1.tenor.co/images/ef91a9483539b2b3ad9fcaf1b9393bf6/tenor.gif?itemid=7359344,UT LONGmemes For HORNSy Quaranteens,
1218486471522469_2024632464241195,https://www.facebook.com/groups/UTLongmemes/permalink/2024632464241195/,1/22/2019 9:50:37 AM,145,30,0,Students scooting at 8 mph so UT doesn't give them a ticket,https://media.tenor.co/images/f5d9c9b977efee821efcf9268a715a8e/tenor.gif,UT LONGmemes For HORNSy Quaranteens,
1218486471522469_2004500199587755,https://www.facebook.com/groups/UTLongmemes/permalink/2004500199587755/,1/7/2019 9:54:00 PM,26,0,0,Clemson looking for Alabama.,https://media1.tenor.co/images/05bc25b9112d879c50159bb842be5379/tenor.gif?itemid=12409710,UT LONGmemes For HORNSy Quaranteens,
1218486471522469_1996227907081651,https://www.facebook.com/groups/UTLongmemes/permalink/1996227907081651/,1/1/2019 11:05:14 PM,33,2,0,Texas beat Georgia  Update: now we got ‚Äòem,https://media1.giphy.com/media/iOm1xOSfAtPzmPXJqH/giphy.gif,UT LONGmemes For HORNSy Quaranteens,
1218486471522469_1996202737084168,https://www.facebook.com/groups/UTLongmemes/permalink/1996202737084168/,1/1/2019 10:32:44 PM,48,0,0,,https://media1.tenor.co/images/4bea137f605d0ebb67f54e91849e6183/tenor.gif?itemid=4891676,UT LONGmemes For HORNSy Quaranteens,
1218486471522469_1991427064228402,https://www.facebook.com/groups/UTLongmemes/permalink/1991427064228402/,12/29/2018 7:22:23 PM,338,21,0,rooting for oklahoma to lose  but they‚Äôre playing alabama,https://media2.giphy.com/media/v0eHX3n28wvoQ/giphy.gif,UT LONGmemes For HORNSy Quaranteens,
1218486471522469_1923738804330562,https://www.facebook.com/groups/UTLongmemes/permalink/1923738804330562/,11/19/2018 3:31:45 PM,245,23,0,When your professor assigns homework during Thanksgiving,https://media0.giphy.com/media/E62knSkAahO6I/giphy-downsized.gif,UT LONGmemes For HORNSy Quaranteens,
1218486471522469_1915810065123436,https://www.facebook.com/groups/UTLongmemes/permalink/1915810065123436/,11/13/2018 4:30:42 PM,85,14,0,Students from the north: "It's only 40 degrees... I'll just wear a light co..."  Me  a Texan  bursts into the room:,https://media1.tenor.co/images/01f8797bc3b6ff7fb46d2880539b04a7/tenor.gif?itemid=4982129,UT LONGmemes For HORNSy Quaranteens,
1218486471522469_1912205312150578,https://www.facebook.com/groups/UTLongmemes/permalink/1912205312150578/,11/10/2018 6:24:11 PM,54,0,0,When your professor is running over time and the next class has an exam.,https://gph.is/2tnxE7r,UT LONGmemes For HORNSy Quaranteens,
1218486471522469_1893408097363633,https://www.facebook.com/groups/UTLongmemes/permalink/1893408097363633/,10/28/2018 4:50:11 PM,53,0,0,Everyone on campus tomorrow:,https://media1.tenor.co/images/f423d8d8be87477b24c62e05e7b6cbd2/tenor.gif?itemid=9313133,UT LONGmemes For HORNSy Quaranteens,
1218486471522469_1888117384559371,https://www.facebook.com/groups/UTLongmemes/permalink/1888117384559371/,10/24/2018 4:01:43 PM,53,15,0,Seeing the bus leaving your stop knowing you're too far away to do anything. Plus it's still raining??,https://media3.giphy.com/media/3ohzdMk3uz9WSpdTvW/giphy.gif,UT LONGmemes For HORNSy Quaranteens,
1218486471522469_1876801999024243,https://www.facebook.com/groups/UTLongmemes/permalink/1876801999024243/,10/15/2018 2:47:18 PM,207,37,0,International students when they saw the weather report this morning,https://media1.tenor.co/images/308c7e6547985227f07cc25b04937286/tenor.gif?itemid=12302220,UT LONGmemes For HORNSy Quaranteens,
1218486471522469_1883512198353223,https://www.facebook.com/groups/UTLongmemes/permalink/1883512198353223/,10/20/2018 9:25:57 PM,190,10,0,when you see that purdue is beating No. 2 ohio state and realize texas could move up one spot outside of the top 5 without doing anything,https://media1.tenor.co/images/0f431c7be8697ce29d48b3a91dff94fd/tenor.gif?itemid=5222702,UT LONGmemes For HORNSy Quaranteens,
1218486471522469_1869562319748211,https://www.facebook.com/groups/UTLongmemes/permalink/1869562319748211/,10/9/2018 4:36:53 PM,117,10,0,When you just came out of a test feeling confident  but then everyone in the GroupMe starts spamming the group with what they got and it's all different from what you got,https://media3.giphy.com/media/10dHotK4K8R0AM/giphy.gif,UT LONGmemes For HORNSy Quaranteens,
1218486471522469_1865666033471173,https://www.facebook.com/groups/UTLongmemes/permalink/1865666033471173/,10/6/2018 2:42:36 PM,211,7,0,When Dicker the kicker hit that 40 yarder.,https://media1.tenor.co/images/4ac9d1b0ca6f1ecf85de5a9ee46affdc/tenor.gif?itemid=8275005,UT LONGmemes For HORNSy Quaranteens,
1218486471522469_1857104010994042,https://www.facebook.com/groups/UTLongmemes/permalink/1857104010994042/,9/29/2018 6:01:17 PM,93,0,0,When you hear that we've won for the 4th time in a row,https://media1.tenor.co/images/2ecc6e9c8ed7b1a938148458de3119e6/tenor.gif?itemid=4929179,UT LONGmemes For HORNSy Quaranteens,
1218486471522469_1849442115093565,https://www.facebook.com/groups/UTLongmemes/permalink/1849442115093565/,9/22/2018 6:45:41 PM,38,2,0,Meme makers seeing Texas about to go on a two game win streak versus Power 5 opponents,https://media1.tenor.co/images/9f0d4a679372a6ead6b2b5b444bc8448/tenor.gif?itemid=6091046,UT LONGmemes For HORNSy Quaranteens,
1218486471522469_1849442975093479,https://www.facebook.com/groups/UTLongmemes/permalink/1849442975093479/,9/22/2018 6:45:50 PM,5,0,0,When TCU got them butterfingers...,https://media1.tenor.co/images/b0e54c6fd1160fdf9385c820cc4e149d/tenor.gif?itemid=6103373,UT LONGmemes For HORNSy Quaranteens,
1218486471522469_1847964248574685,https://www.facebook.com/groups/UTLongmemes/permalink/1847964248574685/,9/21/2018 10:30:31 AM,34,1,0,me  watching ‚Äúwampus‚Äù enter the campus lexicon,https://media1.tenor.co/images/4951522db7efc628ae43751d087916d0/tenor.gif?itemid=7186327,UT LONGmemes For HORNSy Quaranteens,
1218486471522469_1840310079340102,https://www.facebook.com/groups/UTLongmemes/permalink/1840310079340102/,9/14/2018 1:54:37 PM,7,0,0,When they only have Jendy‚Äôs  but you know what you REALLY want  ,https://78.media.tumblr.com/6da010cbb8981c431de630a8e0a252d3/tumblr_pdug644UZs1s3s7t3o1_400.gif,UT LONGmemes For HORNSy Quaranteens,
1218486471522469_1746861395351638,https://www.facebook.com/groups/UTLongmemes/permalink/1746861395351638/,7/12/2018 10:37:54 PM,118,80,0,Every CS student coming back from an internship with a tech company.,https://media3.giphy.com/media/2aBoqbfR1ymcw/giphy.gif,UT LONGmemes For HORNSy Quaranteens,
1218486471522469_1745132668857844,https://www.facebook.com/groups/UTLongmemes/permalink/1745132668857844/,7/11/2018 5:47:27 PM,43,6,0,Walking from 21st and Rio to Greg in this heat,https://media1.giphy.com/media/3ofT5S2jG9fFknAmNW/giphy-downsized.gif,UT LONGmemes For HORNSy Quaranteens,
1218486471522469_1729006000470511,https://www.facebook.com/groups/UTLongmemes/permalink/1729006000470511/,6/30/2018 9:26:12 PM,195,29,0,When a gigem refers to UT as "TU",https://media1.tenor.co/images/cee1749c885ed0cc6f62ead47f255922/tenor.gif?itemid=5850917,UT LONGmemes For HORNSy Quaranteens,
1218486471522469_1714312445273200,https://www.facebook.com/groups/UTLongmemes/permalink/1714312445273200/,6/20/2018 8:58:39 PM,76,33,0,Watch my amazing GPA transformation throughout my time here at UT!  ,https://im.ezgif.com/tmp/ezgif-1-97ae0ad12c.gif,UT LONGmemes For HORNSy Quaranteens,
1218486471522469_1694343637270081,https://www.facebook.com/groups/UTLongmemes/permalink/1694343637270081/,6/3/2018 1:53:02 PM,5,3,0,This doesn‚Äôt go here but this is still one of the very few active UT pages here   does UT ID cards still work for the metro after graduation?,https://media1.tenor.co/images/5160832a0baadb63c9fd031c65cb00a1/tenor.gif?itemid=5189549,UT LONGmemes For HORNSy Quaranteens,
1218486471522469_1676635532374225,https://www.facebook.com/groups/UTLongmemes/permalink/1676635532374225/,5/15/2018 3:30:09 AM,33,10,0,you and your brain on finals  ,https://i.imgur.com/Vyrk59m.gifv,UT LONGmemes For HORNSy Quaranteens,
1218486471522469_1672402026130909,https://www.facebook.com/groups/UTLongmemes/permalink/1672402026130909/,5/10/2018 3:14:12 PM,171,26,0,When you want your professor to give you an equation sheet on the final,https://media1.tenor.com/images/00031ae30ffb6703f227a7623ecb19cf/tenor.gif?itemid=4943915,UT LONGmemes For HORNSy Quaranteens,
1218486471522469_1660432620661183,https://www.facebook.com/groups/UTLongmemes/permalink/1660432620661183/,4/28/2018 12:53:33 AM,376,203,0,Me: I need to really start budgeting and saving.  My friends: Chili‚Äôs at 45th & Lamar?  Me:,https://media1.tenor.co/images/1a95403d5de44c3b3d9c5e081ae665ad/tenor.gif?itemid=4424450,UT LONGmemes For HORNSy Quaranteens,
1218486471522469_1664709633566815,https://www.facebook.com/groups/UTLongmemes/permalink/1664709633566815/,5/2/2018 10:29:14 AM,1,0,0,Me  complaining about how I used to be able to make it from west campus to my BFP courses in like 7 minutes  when the 642 ran through Speedway.,https://media1.tenor.co/images/c7e26083edb72e529de3a6756e6d5385/tenor.gif?itemid=5959457,UT LONGmemes For HORNSy Quaranteens,
1218486471522469_1662884810415964,https://www.facebook.com/groups/UTLongmemes/permalink/1662884810415964/,4/30/2018 2:31:37 PM,28,2,0,When your professor says he isn‚Äôt going to take attendance and you see your friend walk in late,https://media1.giphy.com/media/xUA7bgONYM1FrC7Vra/giphy-downsized.gif,UT LONGmemes For HORNSy Quaranteens,
1218486471522469_1651631201541325,https://www.facebook.com/groups/UTLongmemes/permalink/1651631201541325/,4/18/2018 12:48:04 PM,148,11,0,Ruckus drivers seeing the new electric scooters and realizing they‚Äôre no longer the smallest  most annoying things on the road,https://media1.tenor.co/images/a4d8133d20670d0ed4be4cc28aa183c2/tenor.gif?itemid=8128195,UT LONGmemes For HORNSy Quaranteens,
1218486471522469_1652090154828763,https://www.facebook.com/groups/UTLongmemes/permalink/1652090154828763/,4/19/2018 12:05:13 AM,26,2,0,Whenever I say that the Union Panda Express isn‚Äôt good,https://media0.giphy.com/media/1hiVNxD34TpC0/giphy-downsized.gif,UT LONGmemes For HORNSy Quaranteens,
1218486471522469_1645910415446737,https://www.facebook.com/groups/UTLongmemes/permalink/1645910415446737/,4/12/2018 10:19:39 AM,28,27,0,*friends hyping me up to shoot my shot* Me: *shooting my shot at my crush*,https://media0.giphy.com/media/uOIKBePrZhexy/giphy.gif,UT LONGmemes For HORNSy Quaranteens,
1218486471522469_1647074991996946,https://www.facebook.com/groups/UTLongmemes/permalink/1647074991996946/,4/13/2018 2:27:39 PM,16,0,0,Parents: getting a degree will open up so many doors for you and your career  Me:,https://media1.tenor.co/images/53ed67b790055f76f1c7e72dead3fab9/tenor.gif?itemid=9100161,UT LONGmemes For HORNSy Quaranteens,
1218486471522469_1634874409883671,https://www.facebook.com/groups/UTLongmemes/permalink/1634874409883671/,3/31/2018 11:45:36 PM,2,1,0,Watching everyone take a crap on Guy Fieri,https://media2.giphy.com/media/o6BVMn5K2Bm6Y/giphy-downsized.gif,UT LONGmemes For HORNSy Quaranteens,
1218486471522469_1634855679885544,https://www.facebook.com/groups/UTLongmemes/permalink/1634855679885544/,3/31/2018 11:16:34 PM,21,0,0,When you‚Äôre a man of discerning taste but your friends are okay with In-and-Out  ,https://giphy.com/gifs/mad-max-guy-fieri-okLf4VLFnE1Qk,UT LONGmemes For HORNSy Quaranteens,
1218486471522469_1634871263217319,https://www.facebook.com/groups/UTLongmemes/permalink/1634871263217319/,3/31/2018 11:42:13 PM,0,0,0,Oh dis be flavortown now eh?,https://media1.giphy.com/media/KnklaUtMatbZm/giphy.gif,UT LONGmemes For HORNSy Quaranteens,
1218486471522469_1634850796552699,https://www.facebook.com/groups/UTLongmemes/permalink/1634850796552699/,3/31/2018 11:07:37 PM,8,0,0,When you thought the name changes couldn‚Äôt get any worse,https://media1.giphy.com/media/l4EoZ2jube5NoxAAw/giphy-downsized.gif,UT LONGmemes For HORNSy Quaranteens,
1218486471522469_1628544990516613,https://www.facebook.com/groups/UTLongmemes/permalink/1628544990516613/,3/25/2018 11:26:41 AM,238,50,0,when u feel a lil bad for calling a tow truck on the car that‚Äôs in ur assigned parking spot BUT u pay a ridiculous fee each month & there are signs clearly posted everywhere that the parking is assigned so,https://78.media.tumblr.com/715f8f7aed6efd2afde8e6563b689a35/tumblr_inline_onjrcvsKLU1r4e1hj_500.gif,UT LONGmemes For HORNSy Quaranteens,
1218486471522469_1622953331075779,https://www.facebook.com/groups/UTLongmemes/permalink/1622953331075779/,3/19/2018 7:05:28 PM,366,10,0,Can we all agree to not make memes about the Austin bombings? Just stick to memes that don‚Äôt make light of tragic events of people dying in our community...  Keep that ish on 4chan  fam..  Thanks.,https://media1.tenor.co/images/eb5992306c4117e1c3139cac40153c0d/tenor.gif?itemid=9471604,UT LONGmemes For HORNSy Quaranteens,
1218486471522469_1626504020720710,https://www.facebook.com/groups/UTLongmemes/permalink/1626504020720710/,3/23/2018 9:54:51 AM,12,2,0,Ppl tired of my snake posts and I‚Äôm over here like,https://media1.tenor.co/images/4644aa6f5acfe9f740f597ba78bf6727/tenor.gif?itemid=9608258,UT LONGmemes For HORNSy Quaranteens,
1218486471522469_1603684766335969,https://www.facebook.com/groups/UTLongmemes/permalink/1603684766335969/,3/1/2018 12:22:51 AM,4,0,0,Tfw your post has been liked 1k times and it was pinned to the group,https://media1.tenor.co/images/ef02f9a07cfc42c32e7990713fd8e669/tenor.gif?itemid=5095451,UT LONGmemes For HORNSy Quaranteens,
1218486471522469_1588882041149575,https://www.facebook.com/groups/UTLongmemes/permalink/1588882041149575/,2/14/2018 11:59:14 AM,1,0,0,When you just now discovered that we have a Quizno's... :P,https://media3.giphy.com/media/xTiTnhFPCkIDFMMe6Q/giphy-downsized.gif,UT LONGmemes For HORNSy Quaranteens,
1218486471522469_1586975741340205,https://www.facebook.com/groups/UTLongmemes/permalink/1586975741340205/,2/12/2018 3:08:16 PM,9,4,0,When a Cockrell student tries to find love for Valentine's Day but they fail miserably and end up brokenhearted...,https://media1.tenor.co/images/038cb47772f331e05a9451cf8b403bd5/tenor.gif?itemid=9759276,UT LONGmemes For HORNSy Quaranteens,
1218486471522469_1567593929945053,https://www.facebook.com/groups/UTLongmemes/permalink/1567593929945053/,1/23/2018 1:26:07 AM,3,0,0,pullin' into my school's group meme page after hearing about top flight drama from the front page of reddit,https://media.giphy.com/media/3ohzdIuqJoo8QdKlnW/giphy.gif,UT LONGmemes For HORNSy Quaranteens,
1218486471522469_1561561930548253,https://www.facebook.com/groups/UTLongmemes/permalink/1561561930548253/,1/16/2018 7:57:19 PM,41,8,0,Me when I keep getting UT alerts and emails after graduating.  But hey  seriously. How do I make it stop?,https://media1.tenor.co/images/11703cc2a9cc1338eb892a8abd56cb80/tenor.gif?itemid=4414020,UT LONGmemes For HORNSy Quaranteens,
1218486471522469_1556029897768123,https://www.facebook.com/groups/UTLongmemes/permalink/1556029897768123/,1/10/2018 12:00:31 PM,9,4,0,When you wake up to a good morning text from bae aka finaid...,https://media2.giphy.com/media/5fBH6z8aMV1RbA4FaSc/giphy.gif,UT LONGmemes For HORNSy Quaranteens,
1218486471522469_1546322575405522,https://www.facebook.com/groups/UTLongmemes/permalink/1546322575405522/,12/31/2017 6:28:58 PM,9,0,0,If you‚Äôre going out tonight  be safe! Roads will be icy and everyone driving on them #turnt. AAA is offering their Tipsy Tow service tonight from 6p - 6a  it‚Äôs available for a one-way ride and tow of your vehicle back to your place. Call 1-800-222-4357. You don‚Äôt have to be a member to use the service!,https://media1.tenor.co/images/678bf57f057af170d336264694703516/tenor.gif?itemid=8849534,UT LONGmemes For HORNSy Quaranteens,
1218486471522469_1538447652859681,https://www.facebook.com/groups/UTLongmemes/permalink/1538447652859681/,12/23/2017 1:38:35 AM,38,9,0,Wtf when did the name change again.,https://media1.tenor.co/images/2109d24976a49d44d571e39d2067e843/tenor.gif?itemid=8928182,UT LONGmemes For HORNSy Quaranteens,
1218486471522469_1537374622966984,https://www.facebook.com/groups/UTLongmemes/permalink/1537374622966984/,12/21/2017 8:54:16 PM,30,0,0,When UTPD sends out more notifications over the break than during the semester.,https://media1.tenor.co/images/4615214595f274a0df3a8b0c7c350c83/tenor.gif?itemid=5307535,UT LONGmemes For HORNSy Quaranteens,
1218486471522469_1536421933062253,https://www.facebook.com/groups/UTLongmemes/permalink/1536421933062253/,12/20/2017 8:19:39 PM,21,2,0,When all your finals  papers  and projects are all done for the semester,https://media0.giphy.com/media/8Af0o05cdrEru/giphy.gif,UT LONGmemes For HORNSy Quaranteens,
1218486471522469_1530762920294821,https://www.facebook.com/groups/UTLongmemes/permalink/1530762920294821/,12/14/2017 3:41:16 PM,14,0,0,When you get home and your family asks how your finals went,https://media3.giphy.com/media/6BHo4gLh9rqtW/giphy.gif,UT LONGmemes For HORNSy Quaranteens,
1218486471522469_1527934460577667,https://www.facebook.com/groups/UTLongmemes/permalink/1527934460577667/,12/11/2017 3:27:33 PM,100,13,0,When you fail the exam but suddenly realize you never have to see those people or go to that class again...,https://media1.tenor.co/images/a917ca76ac19f6883706404d008b67c7/tenor.gif?itemid=5227955,UT LONGmemes For HORNSy Quaranteens,
1218486471522469_1518016414902805,https://www.facebook.com/groups/UTLongmemes/permalink/1518016414902805/,12/1/2017 12:09:43 PM,35,1,0,Reporting live from the line at the SAC Chick-fil-a,https://media1.giphy.com/media/6q6iJkAi15mBa/giphy-downsized.gif,UT LONGmemes For HORNSy Quaranteens,
1218486471522469_1518323274872119,https://www.facebook.com/groups/UTLongmemes/permalink/1518323274872119/,12/1/2017 6:52:17 PM,3,0,0,I-35 Construction Reacts only (or speedway if you please),https://tenor.com/view/titanic-longtime-yearslater-gif-5453439,UT LONGmemes For HORNSy Quaranteens,
1218486471522469_1518092781561835,https://www.facebook.com/groups/UTLongmemes/permalink/1518092781561835/,12/1/2017 1:54:42 PM,3,0,0,Turtle pond reacts only,https://img.memecdn.com/raising-awareness-for-turtle-bullying_o_724299.gif,UT LONGmemes For HORNSy Quaranteens,
1218486471522469_1511200305584416,https://www.facebook.com/groups/UTLongmemes/permalink/1511200305584416/,11/24/2017 2:35:41 PM,11,0,0,Quest deadline just got extended reaccs,https://78.media.tumblr.com/68f6e302ae494be37b7dbe35a211a718/tumblr_nwqpj6opV61tpje2go1_400.gif,UT LONGmemes For HORNSy Quaranteens,
1218486471522469_1494514670586313,https://www.facebook.com/groups/UTLongmemes/permalink/1494514670586313/,11/6/2017 11:25:01 AM,64,17,0,When half the classes you were going to register for are closed,https://media1.tenor.co/images/cc4d72961b70ec677e8d6f9c5a8221dd/tenor.gif?itemid=4982607,UT LONGmemes For HORNSy Quaranteens,
1218486471522469_1478186132219167,https://www.facebook.com/groups/UTLongmemes/permalink/1478186132219167/,10/19/2017 6:53:46 AM,0,0,0,BRICK!!!!,https://media.giphy.com/media/xxY5IU9GvNfyw/giphy.gif,UT LONGmemes For HORNSy Quaranteens,
1218486471522469_1475921689112278,https://www.facebook.com/groups/UTLongmemes/permalink/1475921689112278/,10/16/2017 1:50:29 PM,6,0,0,Me every year when people are surprised or upset at cumulative finals,https://media2.giphy.com/media/jQmVFypWInKCc/giphy.gif,UT LONGmemes For HORNSy Quaranteens,
1218486471522469_1466860560018391,https://www.facebook.com/groups/UTLongmemes/permalink/1466860560018391/,10/5/2017 7:26:48 PM,24,4,0,After Midterms all you wanna do is cruce en el frente del bus,https://2.bp.blogspot.com/-HZK7U98kxd4/T6RlQYwJsQI/AAAAAAAAAL4/kUPfju1R-ts/s1600/nick-hit-by-bus-cine.gif,UT LONGmemes For HORNSy Quaranteens,
1218486471522469_1460279474009833,https://www.facebook.com/groups/UTLongmemes/permalink/1460279474009833/,9/28/2017 1:35:36 AM,36,7,0,Avoiding tablers on west mall or speedway like  ,http://gph.is/2fTnYvu,UT LONGmemes For HORNSy Quaranteens,
1218486471522469_1439197306118050,https://www.facebook.com/groups/UTLongmemes/permalink/1439197306118050/,9/2/2017 1:00:29 PM,158,10,0,First game reacts only,https://giphy.com/gifs/texas-football-3ohhwBEsHaPY8NkKXe,UT LONGmemes For HORNSy Quaranteens,
1218486471522469_1392163170821464,https://www.facebook.com/groups/UTLongmemes/permalink/1392163170821464/,7/11/2017 9:11:34 PM,2,2,0,What you think you look like when you're singing in the car on the way to your 9AM... ,https://img.buzzfeed.com/buzzfeed-static/static/enhanced/webdr01/2013/8/25/18/anigif_enhanced-buzz-9767-1377469019-11.gif,UT LONGmemes For HORNSy Quaranteens,
1218486471522469_1373457079358740,https://www.facebook.com/groups/UTLongmemes/permalink/1373457079358740/,6/23/2017 1:28:31 AM,37,4,0,"This will be the semester I finally read ahead" "This will be the semester I finally go to the gym" "This will be the semester I finally do all my homework as soon as it's assigned" "... Okay  this *next* semester will be the semester I finally..." Reacts only  https://media.giphy.com/media/3oKIP7VCW4iNeSGFZ6/giphy.gif,https://giphy.com/gifs/3oKIP7VCW4iNeSGFZ6/html5,UT LONGmemes For HORNSy Quaranteens,
1218486471522469_1369720469732401,https://www.facebook.com/groups/UTLongmemes/permalink/1369720469732401/,6/18/2017 11:48:36 PM,119,23,0,*That member* of the group project reacts only  ,https://giphy.com/gifs/xUPGcFeBDSrTPBrLos/html5,UT LONGmemes For HORNSy Quaranteens,
1218486471522469_1363500503687731,https://www.facebook.com/groups/UTLongmemes/permalink/1363500503687731/,6/12/2017 3:27:52 PM,254,33,0,When you show up an hour late to the group study and jump on their google doc.,http://gph.is/2ekCRI0,UT LONGmemes For HORNSy Quaranteens,
1218486471522469_1361186180585830,https://www.facebook.com/groups/UTLongmemes/permalink/1361186180585830/,6/10/2017 2:40:26 AM,47,0,0,Flirting at the dining hall: the Cockrell way  ,https://media.giphy.com/media/xUPGcskgHKGkdcORj2/giphy-downsized-large.gif,UT LONGmemes For HORNSy Quaranteens,
1218486471522469_1358003714237410,https://www.facebook.com/groups/UTLongmemes/permalink/1358003714237410/,6/7/2017 1:44:48 AM,7,0,0,When I try to DM "the one"...  ,https://lilgripes.files.wordpress.com/2017/03/newshieldbullet.gif,UT LONGmemes For HORNSy Quaranteens,
1218486471522469_1356543771050071,https://www.facebook.com/groups/UTLongmemes/permalink/1356543771050071/,6/5/2017 9:24:14 PM,15,0,0,Friend: Hey  can you swipe me into J2?  Me:  ,https://giphy.com/gifs/RddAJiGxTPQFa/html5,UT LONGmemes For HORNSy Quaranteens,
1218486471522469_1349183678452747,https://www.facebook.com/groups/UTLongmemes/permalink/1349183678452747/,5/29/2017 11:32:40 PM,9,0,0,Thinking of ways to solve your problems and a bus comes your way at just the right moment  ,https://giphy.com/gifs/3o7bucV0rSizK71WMg,UT LONGmemes For HORNSy Quaranteens,
1218486471522469_1344219648949150,https://www.facebook.com/groups/UTLongmemes/permalink/1344219648949150/,5/24/2017 9:28:39 PM,45,2,0,https://media.giphy.com/media/3o7btUbB7bojyrSzZK/giphy.gif,https://media.giphy.com/media/3o7btUbB7bojyrSzZK/giphy.gif,UT LONGmemes For HORNSy Quaranteens,
1218486471522469_1344246852279763,https://www.facebook.com/groups/UTLongmemes/permalink/1344246852279763/,5/24/2017 9:54:34 PM,12,1,0,The acro-yoga team when they leave the tower plaza to go home for the summer:  ,https://media.giphy.com/media/xUA7b02Uz02GW2VNaU/giphy.gif,UT LONGmemes For HORNSy Quaranteens,
1218486471522469_1344421272262321,https://www.facebook.com/groups/UTLongmemes/permalink/1344421272262321/,5/25/2017 2:38:46 AM,48,2,0,When your group never actually practiced the presentation and no one wants to begin because you all know it's about to end in flames.,http://media.giphy.com/media/3ornk3noLGE88V6xFK/giphy.gif,UT LONGmemes For HORNSy Quaranteens,
1218486471522469_1340399022664546,https://www.facebook.com/groups/UTLongmemes/permalink/1340399022664546/,5/20/2017 11:59:31 PM,34,0,0,,https://giphy.com/gifs/college-semester-xT1XGTMVDeg4YruORy,UT LONGmemes For HORNSy Quaranteens,
1218486471522469_1335296439841471,https://www.facebook.com/groups/UTLongmemes/permalink/1335296439841471/,5/15/2017 1:12:12 PM,8,0,0,When the grade drops,https://giphy.com/gifs/cUru5Pjo3QT9C/download,UT LONGmemes For HORNSy Quaranteens,
1218486471522469_1334718183232630,https://www.facebook.com/groups/UTLongmemes/permalink/1334718183232630/,5/14/2017 9:01:08 PM,38,0,0,*running tuition money gag* ,https://media.giphy.com/media/xUPGcBMnkODklAX4nm/giphy.gif,UT LONGmemes For HORNSy Quaranteens,
1218486471522469_1332545213449927,https://www.facebook.com/groups/UTLongmemes/permalink/1332545213449927/,5/12/2017 5:36:13 PM,21,6,0,Literally me rn,https://media.giphy.com/media/3oKIPwSMVehcuAYM0w/giphy.gif,UT LONGmemes For HORNSy Quaranteens,
1218486471522469_1332067593497689,https://www.facebook.com/groups/UTLongmemes/permalink/1332067593497689/,5/12/2017 6:17:38 AM,86,1,0,MFW I get an 85 for a lab report I didn't turn in.,http://i.imgur.com/PZKgeq1.gif,UT LONGmemes For HORNSy Quaranteens,
1218486471522469_1331413623563086,https://www.facebook.com/groups/UTLongmemes/permalink/1331413623563086/,5/11/2017 1:55:27 PM,7,0,0,Live look into Fenves with our tuition:,https://giphy.com/gifs/breaking-bad-12ANUdeCvP2hwY?utm_source=media-link&utm_medium=landing&utm_campaign=Media+Links&utm_term=https%3A%2F%2Fwww.google.com%2F,UT LONGmemes For HORNSy Quaranteens,
1218486471522469_1328520270519088,https://www.facebook.com/groups/UTLongmemes/permalink/1328520270519088/,5/9/2017 1:21:59 AM,45,3,0,yep -sigh-,http://i.gifntext.com/JxL69efsx2-today-s-gonna-be-a-good-day-gonna-study.gif,UT LONGmemes For HORNSy Quaranteens,
1218486471522469_1330852553619193,https://www.facebook.com/groups/UTLongmemes/permalink/1330852553619193/,5/11/2017 1:42:07 AM,6,0,0,,https://tinyurl.com/md3twtv,UT LONGmemes For HORNSy Quaranteens,
1218486471522469_1330344343670014,https://www.facebook.com/groups/UTLongmemes/permalink/1330344343670014/,5/10/2017 1:25:01 PM,33,0,0,Professor: "It has been such a pleasure teaching this class. I hope to see you in my office in the future."  Me:,https://uproxx.files.wordpress.com/2017/05/anderson-eyeroll.gif?w=650,UT LONGmemes For HORNSy Quaranteens,
1218486471522469_1325561980814917,https://www.facebook.com/groups/UTLongmemes/permalink/1325561980814917/,5/5/2017 8:25:28 PM,49,28,0,Discuss,http://wx4.sinaimg.cn/mw690/8245bf01ly1ff9a6aqx7sg20dw09rdp4.gif,UT LONGmemes For HORNSy Quaranteens,
1218486471522469_1324886110882504,https://www.facebook.com/groups/UTLongmemes/permalink/1324886110882504/,5/5/2017 1:25:40 AM,13,1,0,preparing answers for an in-class writing final,https://i.giphy.com/QYQgksUuJrfLG.gif,UT LONGmemes For HORNSy Quaranteens,
1218486471522469_1316691675035281,https://www.facebook.com/groups/UTLongmemes/permalink/1316691675035281/,4/26/2017 3:29:46 PM,30,25,0,Line at Chick-fil-A during lunch,https://i.giphy.com/jUb4DNx6QkfFS.gif,UT LONGmemes For HORNSy Quaranteens,
1218486471522469_1309577659080016,https://www.facebook.com/groups/UTLongmemes/permalink/1309577659080016/,4/19/2017 9:20:06 AM,79,10,0,when you've been part of this group for more than a week  but you still don't know what a god damn Fourier analysis is,https://giphy.com/gifs/superdeluxe-reaction-wtf-NoRCkgBfPIJJS,UT LONGmemes For HORNSy Quaranteens,
1218486471522469_1303046049733177,https://www.facebook.com/groups/UTLongmemes/permalink/1303046049733177/,4/12/2017 1:51:04 PM,7,1,0,,https://giphy.com/gifs/xUPGcluxIcZJPaDjwI?utm_source=media-link&utm_medium=landing&utm_campaign=Media+Links&utm_term=http%3A%2F%2Fm.facebook.com%2F&ref=fbt,UT LONGmemes For HORNSy Quaranteens,
1218486471522469_1300383093332806,https://www.facebook.com/groups/UTLongmemes/permalink/1300383093332806/,4/9/2017 3:55:03 PM,9,1,0,When you forget to close out of r/notgayporn at the PCL Workstation,https://media.tenor.co/images/b3e42db860d93d7bade011660196fd96/tenor.gif,UT LONGmemes For HORNSy Quaranteens,
1218486471522469_1299426650095117,https://www.facebook.com/groups/UTLongmemes/permalink/1299426650095117/,4/8/2017 4:58:40 PM,24,3,0,When you finally understand how to do that one hard quest problem,http://i.imgur.com/EXyChBd.gif,UT LONGmemes For HORNSy Quaranteens,
1218486471522469_1268379066533209,https://www.facebook.com/groups/UTLongmemes/permalink/1268379066533209/,3/6/2017 2:04:25 PM,18,0,0,http://i0.kym-cdn.com/photos/images/original/001/216/219/ec7.gif,http://i0.kym-cdn.com/photos/images/original/001/216/219/ec7.gif,UT LONGmemes For HORNSy Quaranteens,
